PM2.5,PM10,TEMPERATURE,HUMIDITY,NO2,Ozone,WS,WD,SR,AQI,hour,day,month,day_of_week
30.408709,45.47471,29.396889,83.11394,11.373266,19.307611,0.21249248,44.384678,100.10976,33.15339,14.600928,12.084687,10.262444,3.455833
31.326654,47.60501,28.78744,86.50739,11.317249,19.09537,0.24304326,44.255516,70.612526,33.113087,14.010041,12.2469,10.348141,3.4369206
32.59483,47.515743,28.212332,87.295494,11.917374,19.041231,0.084248826,45.176098,43.359493,33.069332,14.648687,11.711521,10.308314,3.3504667
31.881063,46.421677,28.032606,88.965996,11.660095,15.730483,0.30296046,45.317173,27.90859,31.98632,12.8942585,13.164618,10.383491,3.2359693
32.905403,47.777905,27.452091,90.93023,10.836571,13.548194,0.27003092,46.286373,15.391471,32.90849,12.415131,12.523205,10.31259,3.3307023
32.94459,49.03443,27.578754,92.63089,11.808788,12.113538,0.11082938,46.611076,12.445646,34.082973,10.914941,13.459565,10.216821,3.2715454
32.5816,48.95583,27.217215,90.92612,11.947194,10.905006,0.14102508,45.780163,42.67283,33.56565,10.425093,12.521256,10.249811,3.1826081
